timestamp,juror,repo_a,repo_b,parent,choice,multiplier
2024-12-24T18:03:10.396Z,L1Juror1,https://github.com/prysmaticlabs/prysm,https://github.com/status-im/nimbus-eth2,ethereum,1,3.62
2024-12-24T18:20:59.999Z,L1Juror1,https://github.com/ethereum/remix-project,https://github.com/paradigmxyz/reth,ethereum,1,2.0
2024-12-24T18:24:22.611Z,L1Juror1,https://github.com/sigp/lighthouse,https://github.com/paradigmxyz/reth,ethereum,1,6.0
2024-12-24T18:41:00.539Z,L1Juror1,https://github.com/eth-infinitism/account-abstraction,https://github.com/prysmaticlabs/prysm,ethereum,2,153.0
2024-12-30T14:25:08.472Z,L1Juror4,https://github.com/safe-global/safe-smart-account,https://github.com/ethereum/web3.py,ethereum,2,20.0
2024-12-30T14:39:02.503Z,L1Juror4,https://github.com/chainsafe/lodestar,https://github.com/eth-infinitism/account-abstraction,ethereum,1,8.0
2024-12-30T14:46:14.381Z,L1Juror4,https://github.com/grandinetech/grandine,https://github.com/safe-global/safe-smart-account,ethereum,1,2.0
2024-12-30T14:49:07.270Z,L1Juror4,https://github.com/paradigmxyz/reth,https://github.com/ethereum/go-ethereum,ethereum,2,175.0
2024-12-30T19:42:06.928Z,L1Juror4,https://github.com/ethereum/go-ethereum,https://github.com/grandinetech/grandine,ethereum,1,140.0
2024-12-31T10:36:26.706Z,L1Juror5,https://github.com/consensys/teku,https://github.com/vyperlang/vyper,ethereum,1,1.2
2024-12-31T10:39:14.496Z,L1Juror5,https://github.com/status-im/nimbus-eth2,https://github.com/ethereum/py-evm,ethereum,1,3.0
2024-12-31T10:40:46.424Z,L1Juror5,https://github.com/erigontech/erigon,https://github.com/vyperlang/vyper,ethereum,1,4.0
2024-12-31T10:50:02.173Z,L1Juror5,https://github.com/consensys/teku,https://github.com/eth-infinitism/account-abstraction,ethereum,1,3.0
2024-12-31T10:54:20.684Z,L1Juror5,https://github.com/ethereum/remix-project,https://github.com/paradigmxyz/reth,ethereum,1,1.5
2024-12-31T10:56:05.764Z,L1Juror5,https://github.com/prysmaticlabs/prysm,https://github.com/ethereum/go-ethereum,ethereum,2,4.0
2024-12-31T10:57:40.797Z,L1Juror5,https://github.com/status-im/nimbus-eth2,https://github.com/erigontech/erigon,ethereum,1,1.1
2024-12-31T10:59:59.274Z,L1Juror5,https://github.com/status-im/nimbus-eth2,https://github.com/paradigmxyz/reth,ethereum,2,1.1
2025-01-02T09:31:53.475Z,L1Juror6,https://github.com/status-im/nimbus-eth2,https://github.com/vyperlang/vyper,ethereum,1,4.0
2025-01-02T09:35:11.527Z,L1Juror6,https://github.com/ethereum/web3.py,https://github.com/prysmaticlabs/prysm,ethereum,2,4.0
2025-01-06T11:21:31.378Z,L1Juror4,https://github.com/status-im/nimbus-eth2,https://github.com/nethermindeth/nethermind,ethereum,2,5.33
2025-01-06T11:30:33.486Z,L1Juror4,https://github.com/status-im/nimbus-eth2,https://github.com/argotorg/solidity,ethereum,2,12.5
2025-01-06T11:39:57.877Z,L1Juror4,https://github.com/prysmaticlabs/prysm,https://github.com/status-im/nimbus-eth2,ethereum,1,1.1
2025-01-06T11:48:38.625Z,L1Juror4,https://github.com/chainsafe/lodestar,https://github.com/paradigmxyz/reth,ethereum,1,1.5
2025-01-06T11:59:57.694Z,L1Juror4,https://github.com/erigontech/erigon,https://github.com/eth-infinitism/account-abstraction,ethereum,1,6.0
2025-01-06T14:30:28.300Z,L1Juror7,https://github.com/sigp/lighthouse,https://github.com/status-im/nimbus-eth2,ethereum,1,1.2
2025-01-06T14:30:40.784Z,L1Juror7,https://github.com/paradigmxyz/reth,https://github.com/ethereum/web3.py,ethereum,1,1.5
2025-01-06T14:31:02.748Z,L1Juror7,https://github.com/ethereum/go-ethereum,https://github.com/sigp/lighthouse,ethereum,1,1.0
2025-01-06T14:31:20.921Z,L1Juror7,https://github.com/chainsafe/lodestar,https://github.com/consensys/teku,ethereum,2,1.5
2025-01-08T17:17:07.362Z,L1Juror8,https://github.com/ethereum/py-evm,https://github.com/safe-global/safe-smart-account,ethereum,2,500.0
2025-01-08T17:17:32.528Z,L1Juror8,https://github.com/grandinetech/grandine,https://github.com/eth-infinitism/account-abstraction,ethereum,2,300.0
2025-01-09T10:16:11.836Z,L1Juror9,https://github.com/chainsafe/lodestar,https://github.com/paradigmxyz/reth,ethereum,2,8.0
2025-01-09T10:21:55.808Z,L1Juror9,https://github.com/ethereum/go-ethereum,https://github.com/ethereum/remix-project,ethereum,1,20.0
2025-01-09T10:31:00.445Z,L1Juror9,https://github.com/prysmaticlabs/prysm,https://github.com/argotorg/solidity,ethereum,2,20.0
2025-01-09T10:37:05.043Z,L1Juror9,https://github.com/vyperlang/vyper,https://github.com/chainsafe/lodestar,ethereum,2,6.0
2025-01-09T10:44:55.986Z,L1Juror9,https://github.com/prysmaticlabs/prysm,https://github.com/chainsafe/lodestar,ethereum,1,3.0
2025-01-15T11:19:51.121Z,L1Juror10,https://github.com/erigontech/erigon,https://github.com/ethereum/web3.py,ethereum,1,50.0
2025-01-15T11:22:16.292Z,L1Juror10,https://github.com/prysmaticlabs/prysm,https://github.com/hyperledger/besu,ethereum,1,3.0
2025-01-15T11:24:06.402Z,L1Juror10,https://github.com/safe-global/safe-smart-account,https://github.com/paradigmxyz/reth,ethereum,1,1.5
2025-01-15T11:25:53.213Z,L1Juror10,https://github.com/vyperlang/vyper,https://github.com/ethereum/go-ethereum,ethereum,2,10.0
2025-01-15T11:26:58.813Z,L1Juror10,https://github.com/ethereum/web3.py,https://github.com/ethereum/remix-project,ethereum,2,2.0
2025-01-15T11:29:02.077Z,L1Juror10,https://github.com/chainsafe/lodestar,https://github.com/sigp/lighthouse,ethereum,2,1.5
2025-01-15T11:29:50.572Z,L1Juror10,https://github.com/ethereum/go-ethereum,https://github.com/paradigmxyz/reth,ethereum,1,5.0
2025-01-15T11:47:15.248Z,L1Juror10,https://github.com/safe-global/safe-smart-account,https://github.com/ethereum/go-ethereum,ethereum,2,5.0
2025-01-15T11:50:23.460Z,L1Juror10,https://github.com/vyperlang/vyper,https://github.com/grandinetech/grandine,ethereum,1,2.0
2025-01-15T16:04:12.104Z,L1Juror11,https://github.com/consensys/teku,https://github.com/chainsafe/lodestar,ethereum,1,1.5
2025-01-15T16:05:57.922Z,L1Juror11,https://github.com/ethereum/go-ethereum,https://github.com/vyperlang/vyper,ethereum,1,20.0
2025-01-15T20:37:49.203Z,L1Juror11,https://github.com/prysmaticlabs/prysm,https://github.com/sigp/lighthouse,ethereum,1,1.5
2025-01-15T20:40:34.675Z,L1Juror11,https://github.com/hyperledger/besu,https://github.com/grandinetech/grandine,ethereum,1,50.0
2025-01-15T20:42:56.210Z,L1Juror11,https://github.com/erigontech/erigon,https://github.com/sigp/lighthouse,ethereum,2,5.0
2025-01-15T20:43:45.271Z,L1Juror11,https://github.com/grandinetech/grandine,https://github.com/argotorg/solidity,ethereum,2,40.0
2025-01-16T14:00:32.840Z,L1Juror13,https://github.com/hyperledger/besu,https://github.com/safe-global/safe-smart-account,ethereum,1,4.0
2025-01-16T14:24:59.525Z,L1Juror13,https://github.com/safe-global/safe-smart-account,https://github.com/ethereum/py-evm,ethereum,1,2.0
2025-01-16T14:31:11.218Z,L1Juror13,https://github.com/chainsafe/lodestar,https://github.com/nethermindeth/nethermind,ethereum,2,1.5
2025-01-16T14:33:32.213Z,L1Juror13,https://github.com/consensys/teku,https://github.com/eth-infinitism/account-abstraction,ethereum,1,2.0
2025-01-16T14:36:22.651Z,L1Juror13,https://github.com/ethereum/web3.py,https://github.com/consensys/teku,ethereum,2,5.0
2025-01-18T04:34:22.773Z,L1Juror12,https://github.com/sigp/lighthouse,https://github.com/ethereum/go-ethereum,ethereum,2,3.0
2025-01-18T04:39:27.114Z,L1Juror12,https://github.com/sigp/lighthouse,https://github.com/ethereum/py-evm,ethereum,1,3.0
2025-01-20T09:54:27.589Z,L1Juror14,https://github.com/vyperlang/vyper,https://github.com/argotorg/solidity,ethereum,2,20.0
2025-01-20T09:56:15.835Z,L1Juror14,https://github.com/nethermindeth/nethermind,https://github.com/ethereum/go-ethereum,ethereum,2,3.0
2025-01-20T09:56:33.166Z,L1Juror14,https://github.com/ethereum/py-evm,https://github.com/ethereum/go-ethereum,ethereum,2,10.0
2025-01-20T10:05:25.217Z,L1Juror14,https://github.com/ethereum/web3.py,https://github.com/status-im/nimbus-eth2,ethereum,1,2.0
2025-01-20T10:07:56.392Z,L1Juror14,https://github.com/argotorg/solidity,https://github.com/nethermindeth/nethermind,ethereum,1,10.0
2025-01-20T10:08:50.289Z,L1Juror14,https://github.com/paradigmxyz/reth,https://github.com/argotorg/solidity,ethereum,2,10.0
2025-01-20T10:09:14.587Z,L1Juror14,https://github.com/status-im/nimbus-eth2,https://github.com/argotorg/solidity,ethereum,2,10.0
2025-01-20T18:38:54.180Z,L1Juror15,https://github.com/foundry-rs/foundry,https://github.com/vyperlang/vyper,ethereum,1,20.0
2025-01-21T07:04:17.779Z,L1Juror6,https://github.com/hyperledger/besu,https://github.com/ethereum/go-ethereum,ethereum,2,2.0
2025-01-21T07:06:38.207Z,L1Juror6,https://github.com/sigp/lighthouse,https://github.com/argotorg/solidity,ethereum,1,50.0
2025-01-21T07:09:10.678Z,L1Juror6,https://github.com/nomicfoundation/hardhat,https://github.com/safe-global/safe-smart-account,ethereum,1,8.0
2025-01-21T07:11:43.987Z,L1Juror6,https://github.com/vyperlang/vyper,https://github.com/openzeppelin/openzeppelin-contracts,ethereum,1,5.0
2025-01-21T07:14:52.133Z,L1Juror6,https://github.com/nethermindeth/nethermind,https://github.com/a16z/helios,ethereum,1,50.0
2025-01-21T19:34:24.572Z,L1Juror15,https://github.com/nethermindeth/nethermind,https://github.com/a16z/helios,ethereum,1,2.5
2025-01-21T19:43:16.894Z,L1Juror15,https://github.com/argotorg/fe,https://github.com/apeworx/ape,ethereum,2,5.0
2025-01-23T00:06:08.608Z,L1Juror16,https://github.com/argotorg/sourcify,https://github.com/argotorg/fe,ethereum,1,10.0
2025-01-23T00:30:46.482Z,L1Juror16,https://github.com/prysmaticlabs/prysm,https://github.com/erigontech/erigon,ethereum,1,2.0
2025-01-23T00:54:40.483Z,L1Juror16,https://github.com/safe-global/safe-smart-account,https://github.com/a16z/helios,ethereum,1,20.0
2025-01-23T12:42:44.932Z,L1Juror13,https://github.com/alloy-rs/alloy,https://github.com/argotorg/solidity,ethereum,2,100.0
2025-01-23T14:02:51.275Z,L1Juror13,https://github.com/scaffold-eth/scaffold-eth-2,https://github.com/foundry-rs/foundry,ethereum,2,3.0
2025-01-23T14:15:30.062Z,L1Juror13,https://github.com/scaffold-eth/scaffold-eth-2,https://github.com/ethereum/remix-project,ethereum,2,3.0
2025-01-23T14:22:17.292Z,L1Juror13,https://github.com/paradigmxyz/reth,https://github.com/argotorg/solidity,ethereum,2,5.0
2025-01-23T14:30:06.051Z,L1Juror13,https://github.com/paradigmxyz/reth,https://github.com/ethereum-lists/chains,ethereum,1,5.0
2025-01-23T14:45:02.674Z,L1Juror13,https://github.com/grandinetech/grandine,https://github.com/paradigmxyz/reth,ethereum,2,5.0
2025-01-23T14:47:50.404Z,L1Juror13,https://github.com/wevm/viem,https://github.com/status-im/nimbus-eth2,ethereum,2,2.5
2025-01-23T15:26:15.490Z,L1Juror13,https://github.com/chainsafe/lodestar,https://github.com/safe-global/safe-smart-account,ethereum,1,8.0
2025-01-23T16:02:52.540Z,L1Juror13,https://github.com/paradigmxyz/reth,https://github.com/vyperlang/vyper,ethereum,1,3.0
2025-01-23T16:29:20.907Z,L1Juror13,https://github.com/status-im/nimbus-eth2,https://github.com/erigontech/erigon,ethereum,2,1.5
2025-01-23T16:33:06.018Z,L1Juror13,https://github.com/scaffold-eth/scaffold-eth-2,https://github.com/paradigmxyz/reth,ethereum,2,4.0
2025-01-23T16:38:52.720Z,L1Juror13,https://github.com/argotorg/fe,https://github.com/hyperledger-web3j/web3j,ethereum,2,5.0
2025-01-23T16:42:20.093Z,L1Juror13,https://github.com/ethers-io/ethers.js,https://github.com/nomicfoundation/hardhat,ethereum,1,3.0
2025-01-23T16:55:00.152Z,L1Juror13,https://github.com/ethereum/web3.py,https://github.com/consensys/teku,ethereum,2,10.0
2025-01-23T16:59:25.720Z,L1Juror13,https://github.com/erigontech/erigon,https://github.com/ethereum-lists/chains,ethereum,1,5.0
2025-01-23T17:01:15.387Z,L1Juror13,https://github.com/ethers-io/ethers.js,https://github.com/argotorg/fe,ethereum,1,10.0
2025-01-23T17:04:09.614Z,L1Juror13,https://github.com/wevm/viem,https://github.com/ethereum-lists/chains,ethereum,2,3.0
2025-01-23T17:05:12.780Z,L1Juror13,https://github.com/paradigmxyz/reth,https://github.com/chainsafe/lodestar,ethereum,1,3.0
2025-01-24T01:45:02.484Z,L1Juror17,https://github.com/grandinetech/grandine,https://github.com/status-im/nimbus-eth2,ethereum,2,5.0
2025-01-24T02:06:50.875Z,L1Juror13,https://github.com/prysmaticlabs/prysm,https://github.com/nethereum/nethereum,ethereum,1,5.0
2025-01-24T02:11:47.270Z,L1Juror13,https://github.com/wevm/viem,https://github.com/nethermindeth/nethermind,ethereum,2,4.0
2025-01-24T02:18:48.528Z,L1Juror17,https://github.com/ethers-io/ethers.js,https://github.com/eth-infinitism/account-abstraction,ethereum,1,100.0
2025-01-24T02:24:52.470Z,L1Juror17,https://github.com/eth-infinitism/account-abstraction,https://github.com/alloy-rs/alloy,ethereum,2,10.0
2025-01-24T02:26:02.698Z,L1Juror13,https://github.com/prysmaticlabs/prysm,https://github.com/apeworx/ape,ethereum,1,30.0
2025-01-24T02:32:09.269Z,L1Juror17,https://github.com/ethereum/remix-project,https://github.com/argotorg/solidity,ethereum,2,999.0
2025-01-24T02:34:34.423Z,L1Juror13,https://github.com/wevm/viem,https://github.com/argotorg/sourcify,ethereum,1,5.0
2025-01-24T02:39:00.227Z,L1Juror13,https://github.com/a16z/helios,https://github.com/ethereum/remix-project,ethereum,1,3.0
2025-01-24T02:41:06.537Z,L1Juror17,https://github.com/wevm/viem,https://github.com/vyperlang/vyper,ethereum,2,20.0
2025-01-24T02:46:45.782Z,L1Juror13,https://github.com/ethereum/web3.py,https://github.com/argotorg/fe,ethereum,1,10.0
2025-01-24T02:47:20.065Z,L1Juror17,https://github.com/sigp/lighthouse,https://github.com/consensys/teku,ethereum,1,1.5
2025-01-24T02:49:31.868Z,L1Juror13,https://github.com/prysmaticlabs/prysm,https://github.com/ethers-io/ethers.js,ethereum,1,3.0
2025-01-24T02:54:13.034Z,L1Juror13,https://github.com/erigontech/erigon,https://github.com/eth-infinitism/account-abstraction,ethereum,2,3.0
2025-01-24T02:55:55.330Z,L1Juror13,https://github.com/consensys/teku,https://github.com/wevm/viem,ethereum,1,4.0
2025-01-24T03:25:40.315Z,L1Juror17,https://github.com/nethermindeth/nethermind,https://github.com/nomicfoundation/hardhat,ethereum,1,50.0
2025-01-24T03:25:50.949Z,L1Juror17,https://github.com/ethereum/go-ethereum,https://github.com/nomicfoundation/hardhat,ethereum,1,50.0
2025-01-24T03:32:23.896Z,L1Juror17,https://github.com/scaffold-eth/scaffold-eth-2,https://github.com/hyperledger/besu,ethereum,2,100.0
2025-01-24T05:43:35.277Z,L1Juror17,https://github.com/ethereum/remix-project,https://github.com/openzeppelin/openzeppelin-contracts,ethereum,2,50.0
2025-01-24T05:45:10.305Z,L1Juror17,https://github.com/hyperledger/besu,https://github.com/sigp/lighthouse,ethereum,2,2.0
2025-01-24T05:50:39.027Z,L1Juror17,https://github.com/safe-global/safe-smart-account,https://github.com/consensys/teku,ethereum,2,50.0
2025-01-24T07:00:15.391Z,L1Juror17,https://github.com/paradigmxyz/reth,https://github.com/alloy-rs/alloy,ethereum,2,2.0
2025-01-24T07:56:20.466Z,L1Juror17,https://github.com/openzeppelin/openzeppelin-contracts,https://github.com/vyperlang/vyper,ethereum,1,2.0
2025-01-24T08:02:18.554Z,L1Juror17,https://github.com/ethereum/py-evm,https://github.com/openzeppelin/openzeppelin-contracts,ethereum,2,20.0
2025-01-24T08:07:38.811Z,L1Juror17,https://github.com/vyperlang/titanoboa,https://github.com/vyperlang/vyper,ethereum,2,10.0
2025-01-24T08:09:25.938Z,L1Juror17,https://github.com/ethereum-lists/chains,https://github.com/chainsafe/lodestar,ethereum,2,50.0
2025-01-24T08:12:35.530Z,L1Juror17,https://github.com/status-im/nimbus-eth2,https://github.com/ethereum/go-ethereum,ethereum,2,5.0
2025-01-24T08:19:59.496Z,L1Juror17,https://github.com/apeworx/ape,https://github.com/nethereum/nethereum,ethereum,2,30.0
2025-01-24T08:31:17.436Z,L1Juror17,https://github.com/openzeppelin/openzeppelin-contracts,https://github.com/argotorg/sourcify,ethereum,1,20.0
2025-01-24T08:40:51.670Z,L1Juror17,https://github.com/scaffold-eth/scaffold-eth-2,https://github.com/nomicfoundation/hardhat,ethereum,2,10.0
2025-01-24T08:52:51.741Z,L1Juror17,https://github.com/paradigmxyz/reth,https://github.com/prysmaticlabs/prysm,ethereum,2,5.0
2025-01-24T09:25:43.827Z,L1Juror17,https://github.com/ethereum/remix-project,https://github.com/ethers-io/ethers.js,ethereum,2,50.0
2025-01-24T09:34:26.792Z,L1Juror17,https://github.com/grandinetech/grandine,https://github.com/vyperlang/titanoboa,ethereum,1,10.0
2025-01-24T09:37:05.355Z,L1Juror17,https://github.com/vyperlang/titanoboa,https://github.com/status-im/nimbus-eth2,ethereum,2,30.0
2025-01-24T09:54:27.279Z,L1Juror17,https://github.com/ethereum/web3.py,https://github.com/paradigmxyz/reth,ethereum,2,1.0
2025-01-24T09:59:48.916Z,L1Juror17,https://github.com/ethereum-lists/chains,https://github.com/ethereum/web3.py,ethereum,2,10.0
2025-01-24T16:23:41.681Z,L1Juror15,https://github.com/alloy-rs/alloy,https://github.com/safe-global/safe-smart-account,ethereum,2,1.93
2025-01-24T17:45:57.173Z,L1Juror18,https://github.com/scaffold-eth/scaffold-eth-2,https://github.com/argotorg/sourcify,ethereum,2,900.0
2025-01-24T17:47:19.492Z,L1Juror18,https://github.com/consensys/teku,https://github.com/status-im/nimbus-eth2,ethereum,2,250.0
2025-01-24T17:48:28.198Z,L1Juror18,https://github.com/chainsafe/lodestar,https://github.com/eth-infinitism/account-abstraction,ethereum,1,250.0
2025-01-24T17:51:14.540Z,L1Juror18,https://github.com/sigp/lighthouse,https://github.com/argotorg/sourcify,ethereum,2,999.0
2025-01-24T18:57:44.063Z,L1Juror1,https://github.com/apeworx/ape,https://github.com/nomicfoundation/hardhat,ethereum,2,100.0
2025-01-24T19:03:52.628Z,L1Juror1,https://github.com/erigontech/erigon,https://github.com/hyperledger/besu,ethereum,2,5.27
2025-01-24T19:20:19.601Z,L1Juror1,https://github.com/erigontech/erigon,https://github.com/ethereum/go-ethereum,ethereum,2,10.55
2025-01-26T19:01:47.686Z,L1Juror19,https://github.com/nethermindeth/nethermind,https://github.com/hyperledger/besu,ethereum,1,10.0
2025-01-26T19:07:38.420Z,L1Juror19,https://github.com/status-im/nimbus-eth2,https://github.com/openzeppelin/openzeppelin-contracts,ethereum,2,2.0
2025-01-26T19:10:15.278Z,L1Juror19,https://github.com/eth-infinitism/account-abstraction,https://github.com/prysmaticlabs/prysm,ethereum,2,2.0
2025-01-26T19:14:15.106Z,L1Juror19,https://github.com/safe-global/safe-smart-account,https://github.com/alloy-rs/alloy,ethereum,1,10.0
2025-01-26T19:24:34.093Z,L1Juror19,https://github.com/paradigmxyz/reth,https://github.com/argotorg/sourcify,ethereum,1,10.0
2025-01-26T20:59:14.921Z,L1Juror19,https://github.com/safe-global/safe-smart-account,https://github.com/ethereum/remix-project,ethereum,1,10.0
2025-01-26T21:01:45.963Z,L1Juror19,https://github.com/argotorg/solidity,https://github.com/openzeppelin/openzeppelin-contracts,ethereum,1,100.0
2025-01-26T21:03:57.033Z,L1Juror19,https://github.com/grandinetech/grandine,https://github.com/sigp/lighthouse,ethereum,2,100.0
2025-01-28T10:07:42.803Z,L1Juror6,https://github.com/prysmaticlabs/prysm,https://github.com/paradigmxyz/reth,ethereum,1,50.0
2025-01-28T10:08:55.540Z,L1Juror6,https://github.com/foundry-rs/foundry,https://github.com/sigp/lighthouse,ethereum,2,50.0
2025-01-28T10:09:38.905Z,L1Juror6,https://github.com/wevm/viem,https://github.com/ethers-io/ethers.js,ethereum,2,10.0
2025-01-28T10:10:33.227Z,L1Juror6,https://github.com/ethereum/py-evm,https://github.com/hyperledger/besu,ethereum,2,100.0
2025-01-28T10:11:52.556Z,L1Juror6,https://github.com/grandinetech/grandine,https://github.com/ethereum/web3.py,ethereum,2,20.0
2025-01-28T10:13:25.151Z,L1Juror6,https://github.com/ethereum/go-ethereum,https://github.com/nomicfoundation/hardhat,ethereum,1,100.0
2025-01-28T10:15:00.418Z,L1Juror6,https://github.com/wevm/viem,https://github.com/openzeppelin/openzeppelin-contracts,ethereum,2,20.0
2025-01-28T10:15:30.931Z,L1Juror6,https://github.com/argotorg/fe,https://github.com/vyperlang/titanoboa,ethereum,2,1.0
2025-01-28T10:16:09.031Z,L1Juror6,https://github.com/vyperlang/vyper,https://github.com/grandinetech/grandine,ethereum,2,2.0
2025-01-28T12:55:35.762Z,L1Juror20,https://github.com/wevm/viem,https://github.com/openzeppelin/openzeppelin-contracts,ethereum,2,100.0
2025-01-28T12:56:33.959Z,L1Juror20,https://github.com/ethereum/py-evm,https://github.com/eth-infinitism/account-abstraction,ethereum,2,999.0
2025-01-28T12:57:17.412Z,L1Juror20,https://github.com/chainsafe/lodestar,https://github.com/ethers-io/ethers.js,ethereum,1,5.0
2025-01-28T12:57:34.368Z,L1Juror20,https://github.com/hyperledger-web3j/web3j,https://github.com/erigontech/erigon,ethereum,2,5.0
2025-01-28T12:57:50.008Z,L1Juror20,https://github.com/nethermindeth/nethermind,https://github.com/ethereum/web3.py,ethereum,1,5.0
2025-01-28T12:58:31.466Z,L1Juror20,https://github.com/foundry-rs/foundry,https://github.com/vyperlang/vyper,ethereum,1,10.0
2025-01-28T12:59:07.641Z,L1Juror20,https://github.com/vyperlang/vyper,https://github.com/ethers-io/ethers.js,ethereum,2,2.0
2025-01-28T12:59:37.537Z,L1Juror20,https://github.com/alloy-rs/alloy,https://github.com/consensys/teku,ethereum,2,5.0
2025-01-28T13:00:05.871Z,L1Juror20,https://github.com/nomicfoundation/hardhat,https://github.com/prysmaticlabs/prysm,ethereum,2,5.0
2025-01-28T13:00:35.114Z,L1Juror20,https://github.com/hyperledger/besu,https://github.com/vyperlang/vyper,ethereum,1,5.0
2025-01-30T22:38:58.771Z,L1Juror21,https://github.com/nomicfoundation/hardhat,https://github.com/argotorg/sourcify,ethereum,1,8.0
2025-01-31T16:57:09.599Z,L1Juror21,https://github.com/prysmaticlabs/prysm,https://github.com/consensys/teku,ethereum,1,1.0
2025-01-31T17:18:22.757Z,L1Juror21,https://github.com/scaffold-eth/scaffold-eth-2,https://github.com/hyperledger-web3j/web3j,ethereum,2,2.0
2025-01-31T17:24:38.933Z,L1Juror21,https://github.com/scaffold-eth/scaffold-eth-2,https://github.com/ethereum/py-evm,ethereum,2,4.0
2025-02-01T06:22:49.111Z,L1Juror22,https://github.com/prysmaticlabs/prysm,https://github.com/wevm/viem,ethereum,1,5.0
2025-02-01T06:51:05.624Z,L1Juror22,https://github.com/sigp/lighthouse,https://github.com/chainsafe/lodestar,ethereum,1,2.0
2025-02-01T06:58:21.979Z,L1Juror22,https://github.com/sigp/lighthouse,https://github.com/scaffold-eth/scaffold-eth-2,ethereum,1,2.0
2025-02-01T07:05:44.888Z,L1Juror22,https://github.com/eth-infinitism/account-abstraction,https://github.com/nomicfoundation/hardhat,ethereum,2,2.0
2025-02-01T12:12:23.719Z,L1Juror23,https://github.com/wevm/viem,https://github.com/apeworx/ape,ethereum,1,2.0
2025-02-01T12:18:52.280Z,L1Juror23,https://github.com/foundry-rs/foundry,https://github.com/ethers-io/ethers.js,ethereum,2,1.5
2025-02-01T12:23:45.281Z,L1Juror23,https://github.com/ethers-io/ethers.js,https://github.com/ethereum/remix-project,ethereum,2,1.2
2025-02-01T12:26:21.379Z,L1Juror23,https://github.com/nethereum/nethereum,https://github.com/ethereum/go-ethereum,ethereum,2,10.0
2025-02-02T08:55:21.757Z,L1Juror24,https://github.com/nethereum/nethereum,https://github.com/chainsafe/lodestar,ethereum,2,3.0
2025-02-02T09:00:03.707Z,L1Juror24,https://github.com/grandinetech/grandine,https://github.com/alloy-rs/alloy,ethereum,1,15.0
2025-02-02T09:10:57.885Z,L1Juror24,https://github.com/erigontech/erigon,https://github.com/wevm/viem,ethereum,1,3.0
2025-02-02T09:19:29.066Z,L1Juror24,https://github.com/nethermindeth/nethermind,https://github.com/ethereum/remix-project,ethereum,1,50.0
2025-02-03T15:30:05.000Z,L1Juror23,https://github.com/a16z/helios,https://github.com/argotorg/solidity,ethereum,2,4.0
2025-02-05T21:09:33.085Z,L1Juror15,https://github.com/ethereum/py-evm,https://github.com/ethereum/remix-project,ethereum,2,3.0
2025-02-05T21:17:03.311Z,L1Juror15,https://github.com/status-im/nimbus-eth2,https://github.com/ethereum-lists/chains,ethereum,1,4.0
2025-02-05T21:19:56.657Z,L1Juror15,https://github.com/erigontech/erigon,https://github.com/hyperledger/besu,ethereum,1,2.5
2025-02-10T10:14:57.214Z,L1Juror6,https://github.com/nethereum/nethereum,https://github.com/prysmaticlabs/prysm,ethereum,2,2.0
2025-02-10T10:16:03.996Z,L1Juror6,https://github.com/grandinetech/grandine,https://github.com/vyperlang/titanoboa,ethereum,2,1.0
2025-02-10T10:17:28.203Z,L1Juror6,https://github.com/nomicfoundation/hardhat,https://github.com/openzeppelin/openzeppelin-contracts,ethereum,1,5.0
2025-02-10T10:19:39.512Z,L1Juror6,https://github.com/openzeppelin/openzeppelin-contracts,https://github.com/safe-global/safe-smart-account,ethereum,2,3.0
2025-02-10T10:22:16.507Z,L1Juror6,https://github.com/erigontech/erigon,https://github.com/wevm/viem,ethereum,1,2.0
2025-02-12T08:30:54.890Z,L1Juror25,https://github.com/ethers-io/ethers.js,https://github.com/paradigmxyz/reth,ethereum,2,30.0
2025-02-12T21:41:29.280Z,L1Juror15,https://github.com/grandinetech/grandine,https://github.com/prysmaticlabs/prysm,ethereum,2,15.0
2025-02-12T21:46:22.620Z,L1Juror15,https://github.com/paradigmxyz/reth,https://github.com/sigp/lighthouse,ethereum,2,3.0
2025-02-12T21:49:43.985Z,L1Juror15,https://github.com/eth-infinitism/account-abstraction,https://github.com/ethereum-lists/chains,ethereum,1,20.0
2025-02-18T08:42:52.483Z,L1Juror22,https://github.com/argotorg/solidity,https://github.com/a16z/helios,ethereum,1,5.0
2025-02-18T08:44:02.767Z,L1Juror22,https://github.com/sigp/lighthouse,https://github.com/eth-infinitism/account-abstraction,ethereum,1,3.0
2025-02-18T08:45:04.751Z,L1Juror22,https://github.com/consensys/teku,https://github.com/vyperlang/titanoboa,ethereum,1,3.0
2025-02-18T08:47:00.041Z,L1Juror22,https://github.com/foundry-rs/foundry,https://github.com/ethereum/go-ethereum,ethereum,2,4.0
2025-02-20T15:53:06.419Z,L1Juror15,https://github.com/apeworx/ape,https://github.com/grandinetech/grandine,ethereum,1,5.0
2025-02-20T15:56:05.566Z,L1Juror15,https://github.com/ethereum/web3.py,https://github.com/grandinetech/grandine,ethereum,1,7.0
2025-02-20T16:05:26.011Z,L1Juror15,https://github.com/wevm/viem,https://github.com/nomicfoundation/hardhat,ethereum,2,1.5
2025-02-20T16:08:00.121Z,L1Juror15,https://github.com/vyperlang/vyper,https://github.com/argotorg/fe,ethereum,2,2.0
2025-02-26T06:13:40.360Z,L1Juror25,https://github.com/sigp/lighthouse,https://github.com/ethereum/web3.py,ethereum,2,2.0
2025-02-26T06:38:52.886Z,L1Juror25,https://github.com/erigontech/erigon,https://github.com/alloy-rs/alloy,ethereum,2,4.0
2025-02-26T07:55:32.484Z,L1Juror25,https://github.com/a16z/helios,https://github.com/argotorg/sourcify,ethereum,1,8.0
2025-02-26T10:03:13.302Z,L1Juror25,https://github.com/consensys/teku,https://github.com/foundry-rs/foundry,ethereum,2,21.0
2025-02-26T10:12:00.168Z,L1Juror25,https://github.com/argotorg/solidity,https://github.com/argotorg/fe,ethereum,1,13.0
2025-03-01T02:25:04.715Z,L1Juror15,https://github.com/ethereum/py-evm,https://github.com/argotorg/sourcify,ethereum,2,2.5
2025-03-01T02:26:27.301Z,L1Juror15,https://github.com/erigontech/erigon,https://github.com/alloy-rs/alloy,ethereum,1,4.0
2025-03-01T04:24:15.931Z,L1Juror15,https://github.com/erigontech/erigon,https://github.com/hyperledger-web3j/web3j,ethereum,1,2.5
2025-03-01T06:41:14.049Z,L1Juror9,https://github.com/consensys/teku,https://github.com/argotorg/fe,ethereum,1,20.0
2025-03-01T06:44:08.555Z,L1Juror9,https://github.com/eth-infinitism/account-abstraction,https://github.com/ethereum/py-evm,ethereum,2,10.0
2025-03-01T06:46:45.588Z,L1Juror9,https://github.com/nomicfoundation/hardhat,https://github.com/scaffold-eth/scaffold-eth-2,ethereum,2,2.0
2025-03-01T06:49:50.291Z,L1Juror9,https://github.com/scaffold-eth/scaffold-eth-2,https://github.com/ethereum/remix-project,ethereum,1,20.0
2025-03-01T06:51:36.648Z,L1Juror9,https://github.com/paradigmxyz/reth,https://github.com/prysmaticlabs/prysm,ethereum,2,2.0
2025-03-01T06:58:35.428Z,L1Juror9,https://github.com/ethers-io/ethers.js,https://github.com/sigp/lighthouse,ethereum,1,20.0
2025-03-01T07:02:05.406Z,L1Juror9,https://github.com/eth-infinitism/account-abstraction,https://github.com/erigontech/erigon,ethereum,1,2.0
2025-03-01T07:07:34.530Z,L1Juror9,https://github.com/openzeppelin/openzeppelin-contracts,https://github.com/erigontech/erigon,ethereum,1,100.0
2025-03-01T07:11:03.545Z,L1Juror9,https://github.com/eth-infinitism/account-abstraction,https://github.com/wevm/viem,ethereum,2,100.0
2025-03-01T07:14:47.140Z,L1Juror9,https://github.com/openzeppelin/openzeppelin-contracts,https://github.com/vyperlang/titanoboa,ethereum,1,100.0
2025-03-01T07:19:51.280Z,L1Juror9,https://github.com/consensys/teku,https://github.com/ethereum/web3.py,ethereum,2,10.0
2025-03-01T07:23:49.752Z,L1Juror9,https://github.com/safe-global/safe-smart-account,https://github.com/paradigmxyz/reth,ethereum,2,8.0
2025-03-01T07:31:41.353Z,L1Juror9,https://github.com/foundry-rs/foundry,https://github.com/paradigmxyz/reth,ethereum,1,20.0
2025-03-01T07:34:19.636Z,L1Juror9,https://github.com/ethereum/remix-project,https://github.com/prysmaticlabs/prysm,ethereum,2,10.0
2025-03-01T07:35:55.487Z,L1Juror9,https://github.com/ethereum-lists/chains,https://github.com/ethereum/web3.py,ethereum,2,10.0
2025-03-01T16:06:47.292Z,L1Juror15,https://github.com/grandinetech/grandine,https://github.com/chainsafe/lodestar,ethereum,1,2.0
2025-03-01T16:08:01.124Z,L1Juror15,https://github.com/consensys/teku,https://github.com/erigontech/erigon,ethereum,1,2.5
2025-03-01T23:42:21.523Z,L1Juror19,https://github.com/hyperledger-web3j/web3j,https://github.com/vyperlang/vyper,ethereum,2,10.0
2025-03-01T23:42:29.376Z,L1Juror19,https://github.com/argotorg/fe,https://github.com/hyperledger/besu,ethereum,2,100.0
2025-03-01T23:42:56.396Z,L1Juror19,https://github.com/argotorg/sourcify,https://github.com/ethereum-lists/chains,ethereum,2,2.0
2025-03-01T23:44:14.589Z,L1Juror19,https://github.com/hyperledger/besu,https://github.com/scaffold-eth/scaffold-eth-2,ethereum,1,1.0
2025-03-01T23:44:41.193Z,L1Juror19,https://github.com/grandinetech/grandine,https://github.com/vyperlang/titanoboa,ethereum,2,10.0
2025-03-01T23:44:59.458Z,L1Juror19,https://github.com/alloy-rs/alloy,https://github.com/safe-global/safe-smart-account,ethereum,2,100.0
2025-03-01T23:46:01.328Z,L1Juror19,https://github.com/erigontech/erigon,https://github.com/ethereum/py-evm,ethereum,1,100.0
2025-03-01T23:46:17.565Z,L1Juror19,https://github.com/safe-global/safe-smart-account,https://github.com/ethereum/go-ethereum,ethereum,2,1.0
2025-03-01T23:47:59.695Z,L1Juror19,https://github.com/paradigmxyz/reth,https://github.com/ethers-io/ethers.js,ethereum,1,2.0
2025-03-01T23:48:31.564Z,L1Juror19,https://github.com/nethereum/nethereum,https://github.com/hyperledger-web3j/web3j,ethereum,2,2.0
2025-03-01T23:48:54.542Z,L1Juror19,https://github.com/ethereum/web3.py,https://github.com/ethereum/remix-project,ethereum,2,2.0
2025-03-01T23:49:30.340Z,L1Juror19,https://github.com/alloy-rs/alloy,https://github.com/nethermindeth/nethermind,ethereum,2,3.0
2025-03-01T23:49:55.709Z,L1Juror19,https://github.com/ethereum/remix-project,https://github.com/vyperlang/titanoboa,ethereum,1,10.0
2025-03-12T02:14:10.413Z,L1Juror26,https://github.com/ethereum-lists/chains,https://github.com/erigontech/erigon,ethereum,1,2.0
2025-03-12T02:18:49.649Z,L1Juror26,https://github.com/a16z/helios,https://github.com/argotorg/solidity,ethereum,1,2.0
2025-03-12T02:22:05.162Z,L1Juror26,https://github.com/hyperledger/besu,https://github.com/scaffold-eth/scaffold-eth-2,ethereum,2,2.0
2025-03-12T02:33:59.363Z,L1Juror26,https://github.com/ethers-io/ethers.js,https://github.com/a16z/helios,ethereum,1,1.0
2025-03-12T10:38:22.024Z,L1Juror26,https://github.com/openzeppelin/openzeppelin-contracts,https://github.com/grandinetech/grandine,ethereum,1,2.0
2025-03-24T22:11:47.595Z,L1Juror27,https://github.com/ethers-io/ethers.js,https://github.com/hyperledger/besu,ethereum,1,5.0
2025-03-24T22:29:31.253Z,L1Juror27,https://github.com/consensys/teku,https://github.com/hyperledger-web3j/web3j,ethereum,2,5.0
2025-03-24T22:42:23.915Z,L1Juror27,https://github.com/sigp/lighthouse,https://github.com/safe-global/safe-smart-account,ethereum,2,5.0
2025-03-24T22:46:32.827Z,L1Juror27,https://github.com/grandinetech/grandine,https://github.com/ethereum/go-ethereum,ethereum,2,22.0
2025-03-24T22:52:10.228Z,L1Juror27,https://github.com/consensys/teku,https://github.com/grandinetech/grandine,ethereum,1,28.0
2025-03-24T22:57:51.653Z,L1Juror27,https://github.com/ethereum/go-ethereum,https://github.com/ethereum/web3.py,ethereum,1,5.0
2025-03-24T23:00:17.260Z,L1Juror27,https://github.com/sigp/lighthouse,https://github.com/nomicfoundation/hardhat,ethereum,2,5.0
2025-03-24T23:03:40.270Z,L1Juror27,https://github.com/alloy-rs/alloy,https://github.com/argotorg/solidity,ethereum,2,5.0
2025-03-24T23:06:56.742Z,L1Juror27,https://github.com/grandinetech/grandine,https://github.com/scaffold-eth/scaffold-eth-2,ethereum,2,3.0
2025-03-24T23:08:56.072Z,L1Juror27,https://github.com/safe-global/safe-smart-account,https://github.com/argotorg/fe,ethereum,1,10.0
2025-03-25T07:09:55.778Z,L1Juror27,https://github.com/argotorg/solidity,https://github.com/ethereum/go-ethereum,ethereum,2,1.5
2025-03-25T14:06:10.559Z,L1Juror28,https://github.com/argotorg/sourcify,https://github.com/paradigmxyz/reth,ethereum,2,2.0
2025-03-25T14:16:21.617Z,L1Juror28,https://github.com/wevm/viem,https://github.com/prysmaticlabs/prysm,ethereum,2,3.0
2025-03-25T14:21:25.398Z,L1Juror28,https://github.com/wevm/viem,https://github.com/argotorg/sourcify,ethereum,1,3.0
2025-03-25T14:26:49.004Z,L1Juror28,https://github.com/eth-infinitism/account-abstraction,https://github.com/erigontech/erigon,ethereum,1,5.0
2025-03-25T14:32:02.363Z,L1Juror28,https://github.com/erigontech/erigon,https://github.com/safe-global/safe-smart-account,ethereum,2,3.0
2025-03-25T14:35:54.681Z,L1Juror28,https://github.com/ethereum/go-ethereum,https://github.com/status-im/nimbus-eth2,ethereum,1,5.0
2025-03-25T14:50:28.634Z,L1Juror28,https://github.com/ethers-io/ethers.js,https://github.com/vyperlang/vyper,ethereum,2,1.5
2025-03-25T14:54:38.399Z,L1Juror28,https://github.com/nethereum/nethereum,https://github.com/eth-infinitism/account-abstraction,ethereum,2,3.0
2025-03-25T15:00:16.947Z,L1Juror28,https://github.com/hyperledger/besu,https://github.com/grandinetech/grandine,ethereum,1,8.0
2025-03-26T13:57:37.985Z,L1Juror28,https://github.com/ethereum/web3.py,https://github.com/sigp/lighthouse,ethereum,2,1.5
2025-03-26T14:06:58.125Z,L1Juror28,https://github.com/argotorg/solidity,https://github.com/ethereum/py-evm,ethereum,1,5.0
2025-03-26T14:11:31.189Z,L1Juror28,https://github.com/ethereum/remix-project,https://github.com/eth-infinitism/account-abstraction,ethereum,2,10.0
2025-03-26T14:20:35.165Z,L1Juror28,https://github.com/ethereum-lists/chains,https://github.com/hyperledger-web3j/web3j,ethereum,2,5.0
2025-03-26T14:31:35.517Z,L1Juror28,https://github.com/hyperledger/besu,https://github.com/a16z/helios,ethereum,2,5.0
2025-03-26T15:56:15.502Z,L1Juror28,https://github.com/scaffold-eth/scaffold-eth-2,https://github.com/hyperledger-web3j/web3j,ethereum,1,2.5
2025-03-26T16:06:01.190Z,L1Juror28,https://github.com/alloy-rs/alloy,https://github.com/openzeppelin/openzeppelin-contracts,ethereum,2,29.99
2025-03-26T16:16:41.927Z,L1Juror28,https://github.com/ethereum/py-evm,https://github.com/erigontech/erigon,ethereum,2,2.0
2025-03-26T16:22:02.409Z,L1Juror28,https://github.com/eth-infinitism/account-abstraction,https://github.com/vyperlang/vyper,ethereum,1,30.0
2025-03-26T16:29:40.824Z,L1Juror28,https://github.com/wevm/viem,https://github.com/foundry-rs/foundry,ethereum,2,8.0
2025-03-26T23:28:26.474Z,L1Juror27,https://github.com/ethers-io/ethers.js,https://github.com/sigp/lighthouse,ethereum,2,5.0
2025-03-26T23:32:53.193Z,L1Juror27,https://github.com/ethereum/web3.py,https://github.com/hyperledger-web3j/web3j,ethereum,2,5.0
2025-03-26T23:33:29.863Z,L1Juror27,https://github.com/ethereum/go-ethereum,https://github.com/erigontech/erigon,ethereum,1,5.0
2025-03-26T23:34:47.959Z,L1Juror27,https://github.com/ethers-io/ethers.js,https://github.com/hyperledger/besu,ethereum,1,5.0
2025-03-26T23:37:16.130Z,L1Juror27,https://github.com/ethers-io/ethers.js,https://github.com/eth-infinitism/account-abstraction,ethereum,2,10.0
2025-03-26T23:38:56.639Z,L1Juror27,https://github.com/eth-infinitism/account-abstraction,https://github.com/foundry-rs/foundry,ethereum,1,5.0
2025-03-26T23:39:58.996Z,L1Juror27,https://github.com/hyperledger/besu,https://github.com/ethereum/remix-project,ethereum,2,5.0
2025-03-26T23:40:22.070Z,L1Juror27,https://github.com/ethereum/go-ethereum,https://github.com/a16z/helios,ethereum,1,10.0
2025-03-26T23:41:33.621Z,L1Juror27,https://github.com/ethereum/remix-project,https://github.com/vyperlang/vyper,ethereum,1,5.0
2025-03-27T20:51:35.521Z,L1Juror27,https://github.com/erigontech/erigon,https://github.com/argotorg/solidity,ethereum,2,3.0
2025-03-27T20:53:38.383Z,L1Juror27,https://github.com/vyperlang/titanoboa,https://github.com/grandinetech/grandine,ethereum,2,3.0
2025-03-27T20:55:15.671Z,L1Juror27,https://github.com/erigontech/erigon,https://github.com/grandinetech/grandine,ethereum,1,10.0
2025-03-27T20:57:28.172Z,L1Juror27,https://github.com/nethereum/nethereum,https://github.com/ethereum/py-evm,ethereum,1,3.0
2025-03-27T20:59:37.410Z,L1Juror27,https://github.com/eth-infinitism/account-abstraction,https://github.com/argotorg/sourcify,ethereum,1,5.0
2025-03-27T21:02:02.110Z,L1Juror27,https://github.com/openzeppelin/openzeppelin-contracts,https://github.com/status-im/nimbus-eth2,ethereum,2,5.0
2025-03-27T21:02:30.613Z,L1Juror27,https://github.com/ethers-io/ethers.js,https://github.com/vyperlang/vyper,ethereum,1,5.0
2025-03-27T21:03:02.436Z,L1Juror27,https://github.com/ethereum/go-ethereum,https://github.com/nomicfoundation/hardhat,ethereum,1,5.0
2025-03-27T21:03:41.709Z,L1Juror27,https://github.com/foundry-rs/foundry,https://github.com/hyperledger/besu,ethereum,2,5.0
2025-03-30T04:18:16.377Z,L1Juror24,https://github.com/vyperlang/vyper,https://github.com/ethereum/remix-project,ethereum,1,10.0
2025-03-30T04:19:32.173Z,L1Juror28,https://github.com/erigontech/erigon,https://github.com/ethereum/go-ethereum,ethereum,2,10.0
2025-03-30T04:21:26.364Z,L1Juror24,https://github.com/ethereum/web3.py,https://github.com/status-im/nimbus-eth2,ethereum,1,20.0
2025-03-30T04:23:13.568Z,L1Juror24,https://github.com/apeworx/ape,https://github.com/nethermindeth/nethermind,ethereum,1,2.0
2025-03-30T04:24:26.983Z,L1Juror28,https://github.com/ethereum-lists/chains,https://github.com/nethereum/nethereum,ethereum,2,2.0
2025-03-30T04:25:05.504Z,L1Juror24,https://github.com/sigp/lighthouse,https://github.com/argotorg/sourcify,ethereum,1,10.0
2025-03-30T04:26:42.651Z,L1Juror24,https://github.com/status-im/nimbus-eth2,https://github.com/foundry-rs/foundry,ethereum,2,50.0
2025-03-30T04:31:19.053Z,L1Juror24,https://github.com/eth-infinitism/account-abstraction,https://github.com/apeworx/ape,ethereum,1,900.0
2025-03-30T04:34:06.299Z,L1Juror28,https://github.com/status-im/nimbus-eth2,https://github.com/chainsafe/lodestar,ethereum,1,2.0
2025-03-30T04:34:15.896Z,L1Juror24,https://github.com/sigp/lighthouse,https://github.com/nomicfoundation/hardhat,ethereum,2,2.0
2025-03-30T04:35:54.323Z,L1Juror24,https://github.com/scaffold-eth/scaffold-eth-2,https://github.com/eth-infinitism/account-abstraction,ethereum,2,900.0
2025-03-30T04:38:09.817Z,L1Juror28,https://github.com/paradigmxyz/reth,https://github.com/nethermindeth/nethermind,ethereum,1,7.5
2025-03-30T04:39:25.461Z,L1Juror24,https://github.com/argotorg/sourcify,https://github.com/safe-global/safe-smart-account,ethereum,2,500.0
2025-03-30T04:41:47.364Z,L1Juror24,https://github.com/nethermindeth/nethermind,https://github.com/prysmaticlabs/prysm,ethereum,2,1.2
2025-03-30T04:55:33.520Z,L1Juror24,https://github.com/eth-infinitism/account-abstraction,https://github.com/vyperlang/vyper,ethereum,1,100.0
2025-03-30T04:58:38.188Z,L1Juror24,https://github.com/ethereum-lists/chains,https://github.com/erigontech/erigon,ethereum,2,20.0
2025-03-30T05:00:36.548Z,L1Juror24,https://github.com/argotorg/solidity,https://github.com/prysmaticlabs/prysm,ethereum,1,5.0
2025-03-30T05:01:54.338Z,L1Juror28,https://github.com/argotorg/sourcify,https://github.com/consensys/teku,ethereum,2,5.0
2025-03-30T05:03:18.533Z,L1Juror24,https://github.com/chainsafe/lodestar,https://github.com/foundry-rs/foundry,ethereum,2,50.0
2025-03-30T05:04:18.025Z,L1Juror28,https://github.com/scaffold-eth/scaffold-eth-2,https://github.com/ethereum-lists/chains,ethereum,1,8.0
2025-03-30T05:08:10.790Z,L1Juror24,https://github.com/paradigmxyz/reth,https://github.com/openzeppelin/openzeppelin-contracts,ethereum,2,1.5
2025-03-30T05:09:59.940Z,L1Juror28,https://github.com/sigp/lighthouse,https://github.com/grandinetech/grandine,ethereum,1,10.0
2025-03-30T05:11:54.891Z,L1Juror24,https://github.com/ethereum/go-ethereum,https://github.com/foundry-rs/foundry,ethereum,1,5.0
2025-03-30T05:12:19.476Z,L1Juror28,https://github.com/paradigmxyz/reth,https://github.com/ethereum/remix-project,ethereum,1,5.0
2025-03-30T05:15:03.086Z,L1Juror24,https://github.com/ethereum-lists/chains,https://github.com/ethereum/web3.py,ethereum,2,2.0
2025-03-30T05:16:06.551Z,L1Juror28,https://github.com/erigontech/erigon,https://github.com/foundry-rs/foundry,ethereum,2,20.0
2025-03-30T05:19:12.982Z,L1Juror24,https://github.com/status-im/nimbus-eth2,https://github.com/ethereum/remix-project,ethereum,1,2.0
2025-03-30T05:21:23.473Z,L1Juror24,https://github.com/argotorg/solidity,https://github.com/eth-infinitism/account-abstraction,ethereum,1,5.0
2025-03-30T05:45:07.269Z,L1Juror24,https://github.com/argotorg/sourcify,https://github.com/erigontech/erigon,ethereum,2,10.0
2025-03-30T07:19:50.366Z,L1Juror24,https://github.com/nethermindeth/nethermind,https://github.com/nethereum/nethereum,ethereum,1,10.0
2025-03-30T07:23:19.652Z,L1Juror24,https://github.com/alloy-rs/alloy,https://github.com/argotorg/sourcify,ethereum,1,5.0
2025-03-30T07:25:51.954Z,L1Juror24,https://github.com/consensys/teku,https://github.com/argotorg/sourcify,ethereum,1,20.0
2025-03-30T07:26:03.187Z,L1Juror24,https://github.com/sigp/lighthouse,https://github.com/nethereum/nethereum,ethereum,1,5.0
2025-03-30T07:29:56.793Z,L1Juror24,https://github.com/wevm/viem,https://github.com/openzeppelin/openzeppelin-contracts,ethereum,2,50.0
2025-03-30T19:40:00.412Z,L1Juror29,https://github.com/alloy-rs/alloy,https://github.com/sigp/lighthouse,ethereum,2,237.0
2025-03-30T19:44:51.229Z,L1Juror29,https://github.com/wevm/viem,https://github.com/ethereum/web3.py,ethereum,2,14.0
2025-03-30T19:46:17.646Z,L1Juror29,https://github.com/ethereum/remix-project,https://github.com/hyperledger/besu,ethereum,2,7.0
2025-03-30T19:49:30.020Z,L1Juror29,https://github.com/alloy-rs/alloy,https://github.com/nethermindeth/nethermind,ethereum,2,46.0
2025-03-30T19:50:33.345Z,L1Juror29,https://github.com/ethereum/remix-project,https://github.com/nethermindeth/nethermind,ethereum,2,18.0
2025-03-30T19:52:24.211Z,L1Juror29,https://github.com/paradigmxyz/reth,https://github.com/vyperlang/vyper,ethereum,1,3.0
2025-03-30T19:53:39.414Z,L1Juror29,https://github.com/ethereum/go-ethereum,https://github.com/apeworx/ape,ethereum,1,25.0
2025-03-30T19:54:42.849Z,L1Juror29,https://github.com/chainsafe/lodestar,https://github.com/sigp/lighthouse,ethereum,2,2.0
2025-03-30T21:03:10.706Z,L1Juror29,https://github.com/paradigmxyz/reth,https://github.com/ethereum-lists/chains,ethereum,2,1.0
2025-03-30T21:05:21.014Z,L1Juror29,https://github.com/ethereum-lists/chains,https://github.com/ethers-io/ethers.js,ethereum,2,15.0
2025-03-30T21:06:39.426Z,L1Juror29,https://github.com/eth-infinitism/account-abstraction,https://github.com/ethereum/remix-project,ethereum,2,5.0
2025-03-30T21:07:19.909Z,L1Juror29,https://github.com/argotorg/fe,https://github.com/vyperlang/titanoboa,ethereum,2,3.0
2025-03-30T21:08:25.335Z,L1Juror29,https://github.com/nomicfoundation/hardhat,https://github.com/foundry-rs/foundry,ethereum,1,2.0
2025-03-30T21:09:38.799Z,L1Juror29,https://github.com/safe-global/safe-smart-account,https://github.com/scaffold-eth/scaffold-eth-2,ethereum,1,99.0
2025-03-30T21:10:00.386Z,L1Juror29,https://github.com/safe-global/safe-smart-account,https://github.com/scaffold-eth/scaffold-eth-2,ethereum,1,99.0
2025-03-30T21:11:38.472Z,L1Juror29,https://github.com/consensys/teku,https://github.com/a16z/helios,ethereum,1,3.0
2025-03-30T21:12:29.741Z,L1Juror29,https://github.com/alloy-rs/alloy,https://github.com/openzeppelin/openzeppelin-contracts,ethereum,2,10.0
2025-03-30T21:13:30.250Z,L1Juror29,https://github.com/scaffold-eth/scaffold-eth-2,https://github.com/ethereum/py-evm,ethereum,1,3.0
2025-03-30T21:15:03.188Z,L1Juror29,https://github.com/apeworx/ape,https://github.com/ethereum-lists/chains,ethereum,2,2.0
2025-03-30T21:15:50.274Z,L1Juror29,https://github.com/prysmaticlabs/prysm,https://github.com/vyperlang/titanoboa,ethereum,1,5.0
2025-03-30T21:17:32.819Z,L1Juror29,https://github.com/ethereum/go-ethereum,https://github.com/status-im/nimbus-eth2,ethereum,2,2.0
2025-03-30T21:18:25.091Z,L1Juror29,https://github.com/consensys/teku,https://github.com/erigontech/erigon,ethereum,2,1.0
2025-03-30T21:18:40.643Z,L1Juror29,https://github.com/ethers-io/ethers.js,https://github.com/openzeppelin/openzeppelin-contracts,ethereum,1,4.0
2025-03-30T21:19:41.644Z,L1Juror29,https://github.com/ethereum/remix-project,https://github.com/status-im/nimbus-eth2,ethereum,1,10.0
2025-03-30T21:20:45.861Z,L1Juror29,https://github.com/vyperlang/titanoboa,https://github.com/consensys/teku,ethereum,2,3.0
2025-03-30T21:22:10.399Z,L1Juror29,https://github.com/scaffold-eth/scaffold-eth-2,https://github.com/alloy-rs/alloy,ethereum,2,5.0
2025-03-30T21:23:14.377Z,L1Juror29,https://github.com/scaffold-eth/scaffold-eth-2,https://github.com/ethers-io/ethers.js,ethereum,2,3.0
2025-03-30T21:23:51.694Z,L1Juror29,https://github.com/ethereum/go-ethereum,https://github.com/consensys/teku,ethereum,1,10.0
2025-03-30T21:25:10.009Z,L1Juror29,https://github.com/safe-global/safe-smart-account,https://github.com/ethereum/web3.py,ethereum,2,2.0
2025-03-30T21:26:03.371Z,L1Juror29,https://github.com/eth-infinitism/account-abstraction,https://github.com/chainsafe/lodestar,ethereum,1,2.0
2025-03-30T21:27:35.282Z,L1Juror29,https://github.com/argotorg/sourcify,https://github.com/nethereum/nethereum,ethereum,2,2.0
2025-03-31T14:52:12.996Z,L1Juror30,https://github.com/argotorg/fe,https://github.com/hyperledger-web3j/web3j,ethereum,2,5.0
2025-03-31T14:57:10.080Z,L1Juror30,https://github.com/prysmaticlabs/prysm,https://github.com/nethermindeth/nethermind,ethereum,1,1.0
2025-03-31T15:00:41.097Z,L1Juror30,https://github.com/hyperledger/besu,https://github.com/a16z/helios,ethereum,1,3.0
2025-03-31T16:29:03.052Z,L1Juror30,https://github.com/apeworx/ape,https://github.com/grandinetech/grandine,ethereum,2,2.0
2025-03-31T16:32:48.675Z,L1Juror30,https://github.com/hyperledger/besu,https://github.com/ethereum/go-ethereum,ethereum,2,5.0
2025-05-26T10:17:05.184Z,L1Juror37,https://github.com/prysmaticlabs/prysm,https://github.com/ethereum/web3.py,ethereum,2,400.0
2025-05-26T10:17:36.379Z,L1Juror37,https://github.com/alloy-rs/alloy,https://github.com/ethereum/web3.py,ethereum,1,500.0
2025-05-26T10:18:51.831Z,L1Juror37,https://github.com/apeworx/ape,https://github.com/ethereum/web3.py,ethereum,2,200.0
2025-05-26T10:19:21.409Z,L1Juror37,https://github.com/prysmaticlabs/prysm,https://github.com/ethereum/remix-project,ethereum,2,300.0
2025-05-26T10:19:40.441Z,L1Juror37,https://github.com/prysmaticlabs/prysm,https://github.com/foundry-rs/foundry,ethereum,2,400.0
2025-05-26T10:21:15.737Z,L1Juror5,https://github.com/consensys/teku,https://github.com/argotorg/solidity,ethereum,2,3.0
2025-05-26T10:22:00.258Z,L1Juror5,https://github.com/argotorg/fe,https://github.com/ethereum-lists/chains,ethereum,1,2.0
2025-05-26T10:23:38.497Z,L1Juror5,https://github.com/ethers-io/ethers.js,https://github.com/argotorg/sourcify,ethereum,1,6.0
2025-05-26T10:36:24.901Z,L1Juror5,https://github.com/ethereum/web3.py,https://github.com/argotorg/fe,ethereum,2,1.2
2025-05-26T10:38:23.068Z,L1Juror5,https://github.com/hyperledger/besu,https://github.com/ethereum-lists/chains,ethereum,1,100.0
2025-05-26T10:41:10.672Z,L1Juror5,https://github.com/argotorg/sourcify,https://github.com/alloy-rs/alloy,ethereum,2,2.0
2025-05-26T10:41:36.343Z,L1Juror5,https://github.com/ethereum-lists/chains,https://github.com/prysmaticlabs/prysm,ethereum,2,200.0
2025-05-26T10:43:13.122Z,L1Juror5,https://github.com/erigontech/erigon,https://github.com/hyperledger-web3j/web3j,ethereum,1,5.0
2025-05-26T10:44:38.046Z,L1Juror5,https://github.com/wevm/viem,https://github.com/sigp/lighthouse,ethereum,2,50.0
2025-05-26T10:45:14.507Z,L1Juror5,https://github.com/argotorg/fe,https://github.com/alloy-rs/alloy,ethereum,2,3.0
2025-05-26T11:45:04.944Z,L1Juror12,https://github.com/status-im/nimbus-eth2,https://github.com/prysmaticlabs/prysm,ethereum,2,2.0
2025-05-26T11:46:31.971Z,L1Juror12,https://github.com/nomicfoundation/hardhat,https://github.com/a16z/helios,ethereum,1,5.0
2025-05-26T11:48:56.755Z,L1Juror12,https://github.com/eth-infinitism/account-abstraction,https://github.com/hyperledger/besu,ethereum,1,1.5
2025-05-26T11:50:32.147Z,L1Juror12,https://github.com/argotorg/fe,https://github.com/chainsafe/lodestar,ethereum,2,3.0
2025-05-26T11:52:22.273Z,L1Juror12,https://github.com/eth-infinitism/account-abstraction,https://github.com/status-im/nimbus-eth2,ethereum,1,1.0
2025-05-26T11:55:18.818Z,L1Juror12,https://github.com/erigontech/erigon,https://github.com/scaffold-eth/scaffold-eth-2,ethereum,1,2.0
2025-05-26T11:55:56.661Z,L1Juror12,https://github.com/safe-global/safe-smart-account,https://github.com/alloy-rs/alloy,ethereum,1,10.0
2025-05-26T11:56:57.589Z,L1Juror12,https://github.com/openzeppelin/openzeppelin-contracts,https://github.com/nethermindeth/nethermind,ethereum,1,5.0
2025-05-26T11:58:00.198Z,L1Juror12,https://github.com/ethereum/py-evm,https://github.com/hyperledger-web3j/web3j,ethereum,1,2.0
2025-05-26T11:58:23.351Z,L1Juror12,https://github.com/openzeppelin/openzeppelin-contracts,https://github.com/alloy-rs/alloy,ethereum,1,10.0
2025-05-26T14:18:57.110Z,L1Juror32,https://github.com/grandinetech/grandine,https://github.com/nethermindeth/nethermind,ethereum,2,30.0
2025-05-26T14:32:19.368Z,L1Juror32,https://github.com/hyperledger-web3j/web3j,https://github.com/ethers-io/ethers.js,ethereum,2,100.0
2025-05-26T14:47:50.691Z,L1Juror32,https://github.com/ethereum/remix-project,https://github.com/vyperlang/vyper,ethereum,1,80.0
2025-05-26T14:50:49.744Z,L1Juror32,https://github.com/sigp/lighthouse,https://github.com/ethereum/go-ethereum,ethereum,2,1.0
2025-05-26T14:57:22.423Z,L1Juror32,https://github.com/argotorg/fe,https://github.com/nomicfoundation/hardhat,ethereum,2,999.0
2025-05-30T15:15:03.718Z,L1Juror20,https://github.com/alloy-rs/alloy,https://github.com/scaffold-eth/scaffold-eth-2,ethereum,1,100.0
2025-05-30T15:15:39.495Z,L1Juror20,https://github.com/openzeppelin/openzeppelin-contracts,https://github.com/ethereum/go-ethereum,ethereum,1,2.0
2025-05-30T15:15:56.772Z,L1Juror20,https://github.com/hyperledger-web3j/web3j,https://github.com/ethereum-lists/chains,ethereum,2,50.0
2025-05-30T15:16:23.374Z,L1Juror20,https://github.com/prysmaticlabs/prysm,https://github.com/argotorg/solidity,ethereum,2,2.0
2025-06-01T07:18:42.558Z,L1Juror4,https://github.com/foundry-rs/foundry,https://github.com/sigp/lighthouse,ethereum,2,25.0
2025-06-01T07:21:30.043Z,L1Juror4,https://github.com/ethereum/remix-project,https://github.com/sigp/lighthouse,ethereum,2,15.0
2025-06-01T07:24:37.359Z,L1Juror4,https://github.com/status-im/nimbus-eth2,https://github.com/grandinetech/grandine,ethereum,1,10.0
2025-06-01T07:28:20.559Z,L1Juror4,https://github.com/hyperledger/besu,https://github.com/sigp/lighthouse,ethereum,2,12.0
2025-06-01T07:29:44.572Z,L1Juror4,https://github.com/vyperlang/vyper,https://github.com/ethereum/go-ethereum,ethereum,2,100.0
2025-06-01T07:34:39.739Z,L1Juror4,https://github.com/erigontech/erigon,https://github.com/scaffold-eth/scaffold-eth-2,ethereum,2,3.0
2025-06-01T07:37:57.710Z,L1Juror4,https://github.com/ethereum/go-ethereum,https://github.com/nethermindeth/nethermind,ethereum,1,50.0
2025-06-01T07:39:19.536Z,L1Juror4,https://github.com/chainsafe/lodestar,https://github.com/a16z/helios,ethereum,1,5.0
2025-06-01T07:41:15.160Z,L1Juror4,https://github.com/eth-infinitism/account-abstraction,https://github.com/prysmaticlabs/prysm,ethereum,2,20.0
2025-06-01T07:44:47.858Z,L1Juror4,https://github.com/erigontech/erigon,https://github.com/paradigmxyz/reth,ethereum,1,4.0
2025-06-06T22:43:17.720Z,L1Juror31,https://github.com/alloy-rs/alloy,https://github.com/argotorg/solidity,ethereum,2,4.0
2025-06-06T22:44:23.413Z,L1Juror31,https://github.com/ethereum/remix-project,https://github.com/erigontech/erigon,ethereum,1,50.0
2025-06-06T22:46:13.940Z,L1Juror31,https://github.com/vyperlang/titanoboa,https://github.com/ethers-io/ethers.js,ethereum,2,20.0
2025-06-06T22:47:41.496Z,L1Juror31,https://github.com/vyperlang/vyper,https://github.com/sigp/lighthouse,ethereum,2,5.0
2025-06-06T22:48:42.290Z,L1Juror31,https://github.com/openzeppelin/openzeppelin-contracts,https://github.com/argotorg/fe,ethereum,1,5.0
2025-09-05T14:24:28.193Z,L1Juror35,https://github.com/vyperlang/vyper,https://github.com/erigontech/erigon,ethereum,1,2.0
2025-09-05T14:26:12.735Z,L1Juror35,https://github.com/prysmaticlabs/prysm,https://github.com/lambdaclass/lambda_ethereum_consensus,ethereum,1,5.0
2025-09-05T14:27:06.042Z,L1Juror35,https://github.com/foundry-rs/foundry,https://github.com/argotorg/solidity,ethereum,2,5.0
2025-09-05T14:31:04.180Z,L1Juror35,https://github.com/nethereum/nethereum,https://github.com/ethereum/remix-project,ethereum,2,2.0
2025-09-05T14:39:01.616Z,L1Juror35,https://github.com/argotorg/hevm,https://github.com/ethereum-lists/chains,ethereum,1,2.0
2025-09-05T14:39:43.998Z,L1Juror35,https://github.com/ethereum/web3.py,https://github.com/prysmaticlabs/prysm,ethereum,1,2.0
2025-09-05T14:51:44.474Z,L1Juror35,https://github.com/ethereum/remix-project,https://github.com/ethpandaops/checkpointz,ethereum,1,2.0
2025-09-05T14:52:06.672Z,L1Juror35,https://github.com/prysmaticlabs/prysm,https://github.com/ethereum/remix-project,ethereum,1,5.0
2025-09-05T14:52:40.392Z,L1Juror35,https://github.com/paradigmxyz/reth,https://github.com/ethereum/go-ethereum,ethereum,2,50.0
2025-09-05T14:53:00.963Z,L1Juror35,https://github.com/grandinetech/grandine,https://github.com/ethereum/eips,ethereum,2,10.0
2025-09-05T19:40:16.601Z,L1Juror36,https://github.com/sigp/lighthouse,https://github.com/ethereum/execution-apis,ethereum,2,2.0
2025-09-05T19:43:04.722Z,L1Juror36,https://github.com/argotorg/solidity,https://github.com/paradigmxyz/reth,ethereum,1,100.0
2025-09-05T19:44:11.152Z,L1Juror36,https://github.com/openzeppelin/openzeppelin-contracts,https://github.com/argotorg/fe,ethereum,1,999.0
2025-09-05T19:44:39.457Z,L1Juror36,https://github.com/hyperledger-web3j/web3j,https://github.com/argotorg/act,ethereum,1,100.0
2025-09-05T19:45:55.174Z,L1Juror36,https://github.com/nethereum/nethereum,https://github.com/chainsafe/lodestar,ethereum,1,2.0
2025-09-06T17:55:58.166Z,L1Juror14,https://github.com/openzeppelin/openzeppelin-contracts,https://github.com/nethereum/nethereum,ethereum,1,10.0
2025-09-06T17:56:40.212Z,L1Juror14,https://github.com/ethpandaops/ethereum-helm-charts,https://github.com/argotorg/solidity,ethereum,2,30.0
2025-09-06T17:57:12.062Z,L1Juror14,https://github.com/erigontech/silkworm,https://github.com/ethereum/remix-project,ethereum,2,10.0
2025-09-06T17:58:47.314Z,L1Juror14,https://github.com/ethpandaops/checkpointz,https://github.com/a16z/helios,ethereum,2,10.0
2025-09-06T17:59:48.527Z,L1Juror14,https://github.com/eth-infinitism/account-abstraction,https://github.com/status-im/nimbus-eth2,ethereum,1,5.0
2025-09-06T18:01:50.951Z,L1Juror14,https://github.com/ethereum/py-evm,https://github.com/ethpandaops/ethereum-package,ethereum,2,2.0
2025-09-06T18:03:33.651Z,L1Juror14,https://github.com/wevm/viem,https://github.com/argotorg/act,ethereum,1,2.0
2025-09-06T18:04:05.896Z,L1Juror14,https://github.com/eth-infinitism/account-abstraction,https://github.com/lambdaclass/lambda_ethereum_consensus,ethereum,1,3.0
2025-09-06T18:04:19.864Z,L1Juror14,https://github.com/lambdaclass/lambda_ethereum_consensus,https://github.com/erigontech/erigon,ethereum,2,2.0
2025-09-06T18:04:28.205Z,L1Juror14,https://github.com/argotorg/fe,https://github.com/nethermindeth/nethermind,ethereum,2,3.0
2025-09-07T23:10:19.976Z,L1Juror26,https://github.com/consensys/teku,https://github.com/eth-infinitism/account-abstraction,ethereum,1,4.0
2025-09-07T23:20:34.183Z,L1Juror26,https://github.com/prysmaticlabs/prysm,https://github.com/erigontech/silkworm,ethereum,1,2.0
2025-09-07T23:31:02.189Z,L1Juror26,https://github.com/foundry-rs/foundry,https://github.com/hyperledger-web3j/web3j,ethereum,1,2.0
2025-09-07T23:41:38.017Z,L1Juror26,https://github.com/ethpandaops/ethereum-package,https://github.com/ethereum/py-evm,ethereum,1,4.0
2025-09-07T23:42:16.538Z,L1Juror26,https://github.com/erigontech/erigon,https://github.com/nethermindeth/nethermind,ethereum,2,2.0
2025-09-08T11:17:29.119Z,L1Juror38,https://github.com/erigontech/erigon,https://github.com/hyperledger-web3j/web3j,ethereum,1,10.0
2025-09-08T11:17:44.857Z,L1Juror38,https://github.com/ethereum/consensus-specs,https://github.com/ethereum/go-ethereum,ethereum,2,20.0
2025-09-08T11:23:49.723Z,L1Juror38,https://github.com/nethermindeth/nethermind,https://github.com/paradigmxyz/reth,ethereum,1,1.0
2025-09-08T11:24:16.254Z,L1Juror38,https://github.com/ethereum/execution-apis,https://github.com/foundry-rs/foundry,ethereum,2,10.0
2025-09-08T11:24:42.590Z,L1Juror38,https://github.com/alloy-rs/alloy,https://github.com/ethdebug/format,ethereum,2,20.0
2025-09-08T11:28:39.233Z,L1Juror38,https://github.com/ethpandaops/checkpointz,https://github.com/ethereum/execution-apis,ethereum,1,3.0
2025-09-08T11:30:18.930Z,L1Juror38,https://github.com/prysmaticlabs/prysm,https://github.com/hyperledger/besu,ethereum,1,2.0
2025-09-08T11:30:58.892Z,L1Juror38,https://github.com/eth-infinitism/account-abstraction,https://github.com/ethereum/evmone,ethereum,1,5.0
2025-09-08T11:31:39.790Z,L1Juror38,https://github.com/erigontech/silkworm,https://github.com/ethereum/py-evm,ethereum,1,4.0
2025-09-08T11:32:49.247Z,L1Juror38,https://github.com/ethereum-lists/chains,https://github.com/a16z/helios,ethereum,1,4.0
2025-09-08T11:34:18.087Z,L1Juror38,https://github.com/ethereum/go-ethereum,https://github.com/ethereum-lists/chains,ethereum,1,5.0
2025-09-08T11:35:05.077Z,L1Juror38,https://github.com/consensys/teku,https://github.com/argotorg/sourcify,ethereum,1,4.0
2025-09-08T11:35:42.604Z,L1Juror38,https://github.com/chainsafe/lodestar,https://github.com/ethereum/eips,ethereum,1,5.0
2025-09-08T11:36:15.696Z,L1Juror38,https://github.com/a16z/helios,https://github.com/openzeppelin/openzeppelin-contracts,ethereum,2,5.0
2025-09-08T11:36:51.137Z,L1Juror38,https://github.com/foundry-rs/foundry,https://github.com/ethpandaops/ethereum-helm-charts,ethereum,2,5.0
2025-09-08T17:05:34.912Z,L1Juror30,https://github.com/ethpandaops/ethereum-package,https://github.com/ethereum/evmone,ethereum,2,2.0
2025-09-08T17:08:39.291Z,L1Juror30,https://github.com/vyperlang/titanoboa,https://github.com/ethdebug/format,ethereum,1,2.0
2025-09-08T17:11:06.845Z,L1Juror30,https://github.com/erigontech/silkworm,https://github.com/status-im/nimbus-eth2,ethereum,2,2.0
2025-09-08T17:16:00.685Z,L1Juror30,https://github.com/nethereum/nethereum,https://github.com/argotorg/act,ethereum,1,5.0
2025-09-08T17:22:28.895Z,L1Juror30,https://github.com/ethereum/go-ethereum,https://github.com/chainsafe/lodestar,ethereum,1,2.0
2025-09-09T20:19:42.307Z,L1Juror21,https://github.com/nethermindeth/nethermind,https://github.com/ethereum-lists/chains,ethereum,1,500.0
2025-09-09T20:24:54.588Z,L1Juror21,https://github.com/nethermindeth/nethermind,https://github.com/vyperlang/vyper,ethereum,1,50.0
2025-09-09T20:27:27.758Z,L1Juror21,https://github.com/paradigmxyz/reth,https://github.com/apeworx/ape,ethereum,1,5.0
2025-09-09T20:29:06.289Z,L1Juror21,https://github.com/paradigmxyz/reth,https://github.com/erigontech/erigon,ethereum,2,1.0
2025-09-09T20:39:07.918Z,L1Juror21,https://github.com/wevm/viem,https://github.com/consensys/teku,ethereum,2,10.0
2025-09-10T02:11:50.933Z,L1Juror11,https://github.com/nomicfoundation/hardhat,https://github.com/ethereum/execution-apis,ethereum,2,500.0
2025-09-10T02:12:05.585Z,L1Juror11,https://github.com/chainsafe/lodestar,https://github.com/nethereum/nethereum,ethereum,1,500.0
2025-09-10T02:12:14.712Z,L1Juror11,https://github.com/erigontech/silkworm,https://github.com/consensys/teku,ethereum,2,200.0
2025-09-10T02:12:31.076Z,L1Juror11,https://github.com/argotorg/fe,https://github.com/sigp/lighthouse,ethereum,2,500.0
2025-09-10T02:12:47.117Z,L1Juror11,https://github.com/ethereum/py-evm,https://github.com/sigp/lighthouse,ethereum,2,200.0
2025-09-10T02:13:13.461Z,L1Juror11,https://github.com/chainsafe/lodestar,https://github.com/alloy-rs/alloy,ethereum,1,500.0
2025-09-10T02:13:22.560Z,L1Juror11,https://github.com/paradigmxyz/reth,https://github.com/hyperledger-web3j/web3j,ethereum,1,500.0
2025-09-10T02:13:29.526Z,L1Juror11,https://github.com/paradigmxyz/reth,https://github.com/alloy-rs/alloy,ethereum,1,500.0
2025-09-10T02:18:26.214Z,L1Juror11,https://github.com/safe-global/safe-smart-account,https://github.com/erigontech/erigon,ethereum,1,1.0
2025-09-10T21:16:56.285Z,L1Juror33,https://github.com/ethereum/evmone,https://github.com/ethereum/eips,ethereum,2,30.0
2025-09-10T21:19:29.833Z,L1Juror33,https://github.com/argotorg/fe,https://github.com/a16z/helios,ethereum,1,6.0
2025-09-10T21:21:52.276Z,L1Juror33,https://github.com/chainsafe/lodestar,https://github.com/ethereum/execution-apis,ethereum,2,2.0
2025-09-10T21:24:40.960Z,L1Juror33,https://github.com/ethereum-lists/chains,https://github.com/alloy-rs/alloy,ethereum,1,4.0
2025-09-10T21:26:45.801Z,L1Juror33,https://github.com/ethereum/consensus-specs,https://github.com/argotorg/hevm,ethereum,1,20.0
2025-09-11T19:19:55.143Z,L1Juror8,https://github.com/consensys/teku,https://github.com/ethereum/remix-project,ethereum,1,999.0
2025-09-11T19:20:13.899Z,L1Juror8,https://github.com/vyperlang/vyper,https://github.com/ethereum/evmone,ethereum,1,999.0
2025-09-11T19:20:21.719Z,L1Juror8,https://github.com/argotorg/sourcify,https://github.com/consensys/teku,ethereum,2,999.0
2025-09-11T19:20:31.407Z,L1Juror8,https://github.com/ethereum/eips,https://github.com/ethdebug/format,ethereum,1,999.0
2025-09-11T19:21:00.768Z,L1Juror8,https://github.com/erigontech/erigon,https://github.com/foundry-rs/foundry,ethereum,2,100.0
2025-09-11T19:21:23.649Z,L1Juror8,https://github.com/erigontech/silkworm,https://github.com/ethereum/evmone,ethereum,2,100.0
2025-09-11T19:21:43.719Z,L1Juror8,https://github.com/ethdebug/format,https://github.com/ethereum/remix-project,ethereum,2,100.0
2025-09-11T19:22:09.233Z,L1Juror8,https://github.com/vyperlang/titanoboa,https://github.com/ethereum/evmone,ethereum,1,100.0
2025-09-11T19:22:37.516Z,L1Juror8,https://github.com/eth-infinitism/account-abstraction,https://github.com/ethereum/go-ethereum,ethereum,2,999.0
2025-09-11T19:22:47.312Z,L1Juror8,https://github.com/nomicfoundation/hardhat,https://github.com/scaffold-eth/scaffold-eth-2,ethereum,1,100.0
2025-09-11T19:22:57.076Z,L1Juror8,https://github.com/ethpandaops/ethereum-package,https://github.com/hyperledger/besu,ethereum,1,999.0
2025-09-11T19:23:12.693Z,L1Juror8,https://github.com/erigontech/erigon,https://github.com/consensys/teku,ethereum,2,100.0
2025-09-11T19:23:20.163Z,L1Juror8,https://github.com/foundry-rs/foundry,https://github.com/ethereum-lists/chains,ethereum,1,500.0
2025-09-11T19:23:28.445Z,L1Juror8,https://github.com/ethereum/consensus-specs,https://github.com/ethereum/evmone,ethereum,1,999.0
2025-09-11T19:23:39.310Z,L1Juror8,https://github.com/ethereum/remix-project,https://github.com/ethpandaops/ethereum-helm-charts,ethereum,1,100.0
2025-09-11T19:23:50.857Z,L1Juror8,https://github.com/status-im/nimbus-eth2,https://github.com/ethereum/web3.py,ethereum,1,100.0
2025-09-11T19:24:13.043Z,L1Juror8,https://github.com/consensys/teku,https://github.com/openzeppelin/openzeppelin-contracts,ethereum,2,100.0
2025-09-11T19:24:23.507Z,L1Juror8,https://github.com/ethers-io/ethers.js,https://github.com/apeworx/ape,ethereum,1,500.0
2025-09-11T19:24:37.778Z,L1Juror8,https://github.com/nethermindeth/nethermind,https://github.com/ethereum/go-ethereum,ethereum,2,1.0
2025-09-11T19:24:50.165Z,L1Juror8,https://github.com/argotorg/fe,https://github.com/ethereum/execution-apis,ethereum,2,999.0
2025-09-11T19:24:58.977Z,L1Juror8,https://github.com/status-im/nimbus-eth2,https://github.com/ethereum-lists/chains,ethereum,1,100.0
2025-09-11T19:25:31.796Z,L1Juror8,https://github.com/paradigmxyz/reth,https://github.com/openzeppelin/openzeppelin-contracts,ethereum,2,10.0
2025-09-11T19:25:38.635Z,L1Juror8,https://github.com/ethereum/eips,https://github.com/nomicfoundation/hardhat,ethereum,1,999.0
2025-09-11T19:25:56.760Z,L1Juror8,https://github.com/a16z/helios,https://github.com/ethers-io/ethers.js,ethereum,2,100.0
2025-09-11T19:26:03.851Z,L1Juror8,https://github.com/ethpandaops/ethereum-package,https://github.com/grandinetech/grandine,ethereum,1,999.0
2025-09-15T21:13:13.455Z,L1Juror21,https://github.com/openzeppelin/openzeppelin-contracts,https://github.com/status-im/nimbus-eth2,ethereum,2,2.0
2025-09-15T21:16:47.996Z,L1Juror21,https://github.com/ethpandaops/ethereum-package,https://github.com/nethermindeth/nethermind,ethereum,2,100.0
2025-09-15T21:18:50.962Z,L1Juror21,https://github.com/hyperledger/besu,https://github.com/erigontech/silkworm,ethereum,1,2.0
2025-09-15T21:23:22.299Z,L1Juror21,https://github.com/ethpandaops/checkpointz,https://github.com/scaffold-eth/scaffold-eth-2,ethereum,2,5.0
2025-09-15T21:29:19.112Z,L1Juror21,https://github.com/consensys/teku,https://github.com/argotorg/sourcify,ethereum,1,4.0
2025-09-23T07:31:14.350Z,L1Juror39,https://github.com/ethpandaops/ethereum-package,https://github.com/ethereum/eips,ethereum,2,500.0
2025-09-23T07:33:48.851Z,L1Juror39,https://github.com/wevm/viem,https://github.com/nomicfoundation/hardhat,ethereum,1,200.0
2025-09-23T07:34:31.189Z,L1Juror39,https://github.com/ethereum/consensus-specs,https://github.com/hyperledger-web3j/web3j,ethereum,1,30.0
2025-09-23T07:35:04.567Z,L1Juror39,https://github.com/hyperledger-web3j/web3j,https://github.com/grandinetech/grandine,ethereum,1,300.0
2025-09-23T07:37:31.744Z,L1Juror39,https://github.com/ethereum/eips,https://github.com/argotorg/solidity,ethereum,1,10.0
2025-09-23T07:39:09.391Z,L1Juror39,https://github.com/ethereum-lists/chains,https://github.com/argotorg/hevm,ethereum,1,300.0
2025-09-23T07:40:20.092Z,L1Juror39,https://github.com/ethereum/web3.py,https://github.com/a16z/helios,ethereum,2,300.0
2025-09-23T07:44:26.348Z,L1Juror39,https://github.com/argotorg/sourcify,https://github.com/argotorg/fe,ethereum,1,200.0
2025-09-23T07:45:05.830Z,L1Juror39,https://github.com/ethereum/execution-apis,https://github.com/hyperledger-web3j/web3j,ethereum,1,200.0
2025-09-23T11:39:51.210Z,L1Juror38,https://github.com/nethermindeth/nethermind,https://github.com/erigontech/erigon,ethereum,1,2.0
2025-09-23T11:40:55.185Z,L1Juror38,https://github.com/hyperledger-web3j/web3j,https://github.com/erigontech/silkworm,ethereum,2,3.0
2025-09-23T11:50:42.857Z,L1Juror38,https://github.com/grandinetech/grandine,https://github.com/hyperledger/besu,ethereum,1,5.0
2025-09-23T12:00:07.864Z,L1Juror38,https://github.com/safe-global/safe-smart-account,https://github.com/a16z/helios,ethereum,1,3.0
2025-09-23T12:00:35.577Z,L1Juror38,https://github.com/ethereum/evmone,https://github.com/chainsafe/lodestar,ethereum,2,2.0
2025-09-23T12:11:15.203Z,L1Juror38,https://github.com/scaffold-eth/scaffold-eth-2,https://github.com/ethereum/py-evm,ethereum,1,3.0
2025-09-23T12:12:10.253Z,L1Juror38,https://github.com/ethereum/execution-apis,https://github.com/ethpandaops/checkpointz,ethereum,2,5.0
2025-09-23T12:13:49.567Z,L1Juror38,https://github.com/consensys/teku,https://github.com/vyperlang/vyper,ethereum,1,4.0
2025-09-23T12:15:31.617Z,L1Juror38,https://github.com/ethereum/evmone,https://github.com/ethereum/consensus-specs,ethereum,2,10.0
2025-09-23T12:15:59.899Z,L1Juror38,https://github.com/ethereum/eips,https://github.com/ethereum/go-ethereum,ethereum,2,50.0
2025-09-23T20:46:48.206Z,L1Juror21,https://github.com/lambdaclass/lambda_ethereum_consensus,https://github.com/erigontech/silkworm,ethereum,2,3.0
2025-09-23T20:52:20.368Z,L1Juror21,https://github.com/status-im/nimbus-eth2,https://github.com/ethpandaops/ethereum-helm-charts,ethereum,1,10.0
2025-09-23T20:56:38.751Z,L1Juror21,https://github.com/argotorg/sourcify,https://github.com/consensys/teku,ethereum,2,3.0
2025-09-23T21:02:04.601Z,L1Juror21,https://github.com/apeworx/ape,https://github.com/erigontech/silkworm,ethereum,2,6.0
2025-09-23T21:04:32.121Z,L1Juror21,https://github.com/nethermindeth/nethermind,https://github.com/hyperledger/besu,ethereum,1,2.0
2025-09-23T21:09:01.206Z,L1Juror21,https://github.com/alloy-rs/alloy,https://github.com/argotorg/fe,ethereum,1,100.0
2025-09-23T21:14:07.674Z,L1Juror21,https://github.com/hyperledger-web3j/web3j,https://github.com/ethereum/web3.py,ethereum,2,1.0
2025-09-23T21:16:42.683Z,L1Juror21,https://github.com/sigp/lighthouse,https://github.com/ethereum/py-evm,ethereum,1,999.0
2025-09-23T21:18:36.768Z,L1Juror21,https://github.com/nethermindeth/nethermind,https://github.com/erigontech/silkworm,ethereum,1,3.0
2025-09-23T21:20:27.931Z,L1Juror21,https://github.com/argotorg/sourcify,https://github.com/erigontech/silkworm,ethereum,2,3.0
2025-09-24T18:54:17.313Z,L1Juror40,https://github.com/prysmaticlabs/prysm,https://github.com/ethereum/execution-apis,ethereum,2,2.0
2025-09-25T14:58:59.687Z,L1Juror40,https://github.com/ethers-io/ethers.js,https://github.com/hyperledger/besu,ethereum,1,10.0
2025-09-25T15:00:48.246Z,L1Juror40,https://github.com/ethdebug/format,https://github.com/foundry-rs/foundry,ethereum,2,10.0
2025-09-25T15:38:45.727Z,L1Juror40,https://github.com/argotorg/fe,https://github.com/openzeppelin/openzeppelin-contracts,ethereum,2,5.0
2025-09-25T15:40:15.904Z,L1Juror40,https://github.com/ethereum/execution-apis,https://github.com/ethereum-lists/chains,ethereum,1,3.0
2025-09-25T15:41:47.429Z,L1Juror40,https://github.com/ethereum/remix-project,https://github.com/safe-global/safe-smart-account,ethereum,1,2.0
2025-09-25T15:47:10.864Z,L1Juror40,https://github.com/ethereum/consensus-specs,https://github.com/ethereum/execution-apis,ethereum,2,1.5
2025-09-25T15:51:51.277Z,L1Juror40,https://github.com/nomicfoundation/hardhat,https://github.com/prysmaticlabs/prysm,ethereum,1,2.0
2025-09-25T15:52:54.937Z,L1Juror40,https://github.com/argotorg/fe,https://github.com/argotorg/sourcify,ethereum,2,10.0
2025-09-26T02:27:23.944Z,L1Juror40,https://github.com/erigontech/silkworm,https://github.com/argotorg/solidity,ethereum,2,500.0
2025-09-26T02:28:53.477Z,L1Juror40,https://github.com/ethpandaops/ethereum-package,https://github.com/grandinetech/grandine,ethereum,1,50.0
2025-09-26T02:29:58.096Z,L1Juror40,https://github.com/a16z/helios,https://github.com/wevm/viem,ethereum,2,50.0
2025-09-26T02:31:14.138Z,L1Juror40,https://github.com/argotorg/act,https://github.com/apeworx/ape,ethereum,2,10.0
2025-09-26T02:32:10.983Z,L1Juror40,https://github.com/ethereum/execution-apis,https://github.com/vyperlang/vyper,ethereum,2,5.0
2025-09-26T02:32:52.974Z,L1Juror40,https://github.com/foundry-rs/foundry,https://github.com/ethereum-lists/chains,ethereum,1,500.0
2025-09-26T02:34:06.069Z,L1Juror40,https://github.com/wevm/viem,https://github.com/hyperledger-web3j/web3j,ethereum,1,50.0
2025-09-26T02:35:06.655Z,L1Juror40,https://github.com/argotorg/sourcify,https://github.com/safe-global/safe-smart-account,ethereum,2,5.0
2025-09-26T02:36:09.378Z,L1Juror40,https://github.com/openzeppelin/openzeppelin-contracts,https://github.com/vyperlang/vyper,ethereum,1,2.0
2025-09-26T02:37:13.776Z,L1Juror40,https://github.com/alloy-rs/alloy,https://github.com/nethermindeth/nethermind,ethereum,2,10.0
2025-09-26T02:38:11.957Z,L1Juror40,https://github.com/ethereum/remix-project,https://github.com/argotorg/act,ethereum,1,50.0
2025-09-26T02:39:33.655Z,L1Juror40,https://github.com/ethereum-lists/chains,https://github.com/ethereum/eips,ethereum,2,500.0
2025-09-26T02:40:47.093Z,L1Juror40,https://github.com/erigontech/erigon,https://github.com/safe-global/safe-smart-account,ethereum,1,2.0
2025-09-26T02:41:29.846Z,L1Juror40,https://github.com/erigontech/silkworm,https://github.com/hyperledger/besu,ethereum,2,100.0
2025-09-26T02:42:30.257Z,L1Juror40,https://github.com/ethereum/go-ethereum,https://github.com/argotorg/act,ethereum,1,500.0
2025-09-26T02:43:14.733Z,L1Juror40,https://github.com/nomicfoundation/hardhat,https://github.com/nethereum/nethereum,ethereum,1,100.0
2025-09-26T02:43:43.073Z,L1Juror40,https://github.com/ethereum/eips,https://github.com/ethereum/remix-project,ethereum,1,10.0
2025-09-26T02:44:31.598Z,L1Juror40,https://github.com/nethereum/nethereum,https://github.com/chainsafe/lodestar,ethereum,2,1.5
2025-09-26T02:45:58.506Z,L1Juror40,https://github.com/ethereum/py-evm,https://github.com/ethers-io/ethers.js,ethereum,2,5.0
2025-09-26T02:46:40.729Z,L1Juror40,https://github.com/lambdaclass/lambda_ethereum_consensus,https://github.com/scaffold-eth/scaffold-eth-2,ethereum,2,50.0
2025-09-26T02:55:51.454Z,L1Juror26,https://github.com/vyperlang/vyper,https://github.com/ethpandaops/ethereum-helm-charts,ethereum,2,10.0
2025-09-26T02:57:53.694Z,L1Juror26,https://github.com/hyperledger-web3j/web3j,https://github.com/ethpandaops/ethereum-package,ethereum,2,10.0
2025-09-26T03:00:56.820Z,L1Juror26,https://github.com/alloy-rs/alloy,https://github.com/ethpandaops/checkpointz,ethereum,2,5.0
2025-09-26T03:03:35.579Z,L1Juror26,https://github.com/ethpandaops/ethereum-package,https://github.com/erigontech/erigon,ethereum,1,4.0
2025-09-26T03:05:33.492Z,L1Juror26,https://github.com/prysmaticlabs/prysm,https://github.com/eth-infinitism/account-abstraction,ethereum,1,7.0
2025-09-26T03:07:37.546Z,L1Juror26,https://github.com/prysmaticlabs/prysm,https://github.com/ethereum/go-ethereum,ethereum,2,2.0
2025-09-26T03:09:01.906Z,L1Juror26,https://github.com/safe-global/safe-smart-account,https://github.com/ethpandaops/ethereum-package,ethereum,1,4.0
2025-09-26T03:11:19.297Z,L1Juror26,https://github.com/nethereum/nethereum,https://github.com/chainsafe/lodestar,ethereum,2,5.0
2025-09-26T03:13:43.730Z,L1Juror26,https://github.com/vyperlang/titanoboa,https://github.com/ethereum/eips,ethereum,2,100.0
2025-09-26T03:16:20.487Z,L1Juror26,https://github.com/ethereum/execution-apis,https://github.com/openzeppelin/openzeppelin-contracts,ethereum,1,5.0
2025-09-27T02:42:28.794Z,L1Juror12,https://github.com/ethereum/web3.py,https://github.com/ethereum/evmone,ethereum,1,5.0
2025-09-27T02:43:54.501Z,L1Juror12,https://github.com/sigp/lighthouse,https://github.com/wevm/viem,ethereum,1,3.0
2025-09-27T02:44:58.981Z,L1Juror12,https://github.com/erigontech/erigon,https://github.com/ethereum/remix-project,ethereum,1,3.0
2025-09-27T02:45:42.169Z,L1Juror12,https://github.com/wevm/viem,https://github.com/ethereum/go-ethereum,ethereum,2,10.0
2025-09-27T02:46:40.559Z,L1Juror12,https://github.com/status-im/nimbus-eth2,https://github.com/ethpandaops/ethereum-helm-charts,ethereum,1,10.0
2025-09-27T02:48:20.161Z,L1Juror12,https://github.com/ethereum/execution-apis,https://github.com/nomicfoundation/hardhat,ethereum,2,3.0
2025-09-27T02:48:54.524Z,L1Juror12,https://github.com/ethereum/execution-apis,https://github.com/argotorg/solidity,ethereum,2,10.0
2025-09-27T02:50:12.008Z,L1Juror12,https://github.com/nethereum/nethereum,https://github.com/nethermindeth/nethermind,ethereum,2,5.0
2025-09-27T02:51:31.600Z,L1Juror12,https://github.com/scaffold-eth/scaffold-eth-2,https://github.com/hyperledger-web3j/web3j,ethereum,2,2.0
2025-09-27T02:52:28.938Z,L1Juror12,https://github.com/scaffold-eth/scaffold-eth-2,https://github.com/paradigmxyz/reth,ethereum,2,10.0
2025-09-27T02:52:58.366Z,L1Juror12,https://github.com/ethereum/go-ethereum,https://github.com/foundry-rs/foundry,ethereum,1,10.0
2025-09-27T02:54:24.908Z,L1Juror12,https://github.com/ethereum-lists/chains,https://github.com/status-im/nimbus-eth2,ethereum,2,3.0
2025-09-27T02:54:50.475Z,L1Juror12,https://github.com/ethdebug/format,https://github.com/vyperlang/vyper,ethereum,2,5.0
2025-09-27T02:55:11.575Z,L1Juror12,https://github.com/openzeppelin/openzeppelin-contracts,https://github.com/vyperlang/titanoboa,ethereum,1,10.0
2025-09-27T02:55:52.017Z,L1Juror12,https://github.com/vyperlang/titanoboa,https://github.com/ethpandaops/ethereum-helm-charts,ethereum,1,2.0
